bank_name,quarter,anom_score,systemic_score,adjusted_score,is_anomaly,known_event,known_event_label
JPMorgan Chase Bank,06/30/2001,0.39547180593876274,0.38270769300927976,0.012764112929482985,0,False,
JPMorgan Chase Bank,09/30/2001,0.35322969390058356,0.42409488953164143,-0.07086519563105786,0,True,9/11 Terrorist Attacks - market-wide shock
JPMorgan Chase Bank,12/31/2001,0.507354769701577,0.4322189761656676,0.07513579353590938,1,False,
JPMorgan Chase Bank,03/31/2002,0.42819828894408846,0.43270235499669074,-0.004504066052602285,0,False,
JPMorgan Chase Bank,06/30/2002,0.38820524206055584,0.39102246507431115,-0.00281722301375531,0,False,
JPMorgan Chase Bank,09/30/2002,0.3653463817210763,0.3762402565174665,-0.010893874796390202,0,False,
JPMorgan Chase Bank,12/31/2002,0.36982257843272437,0.38589418997656766,-0.01607161154384329,0,False,
JPMorgan Chase Bank,03/31/2003,0.3786624551698412,0.40168820157031543,-0.023025746400474223,0,False,
JPMorgan Chase Bank,06/30/2003,0.35655806191229183,0.3723620566749354,-0.015803994762643547,0,False,
JPMorgan Chase Bank,09/30/2003,0.3755295417622289,0.3623937126836501,0.013135829078578798,0,False,
JPMorgan Chase Bank,12/31/2003,0.37281601676094683,0.40031461911468735,-0.02749860235374052,0,False,
JPMorgan Chase Bank,03/31/2004,0.4145254646363823,0.4338009087990703,-0.019275444162688005,0,False,
JPMorgan Chase Bank,06/30/2004,0.3532366779043872,0.3689474269710803,-0.01571074906669312,0,False,
JPMorgan Chase Bank,09/30/2004,0.3723813895287768,0.35234235316916934,0.020039036359607465,0,False,
JPMorgan Chase Bank,12/31/2004,0.6145045038664834,0.4195573565752542,0.19494714729122914,1,False,
JPMorgan Chase Bank,03/31/2005,0.38035678545428997,0.38768006148811823,-0.007323276033828263,0,False,
JPMorgan Chase Bank,06/30/2005,0.3657760679468339,0.41849057244892995,-0.05271450450209603,0,False,
JPMorgan Chase Bank,09/30/2005,0.35241102217782155,0.36129837679823534,-0.00888735462041379,0,False,
JPMorgan Chase Bank,12/31/2005,0.36601973236118335,0.37887094165057844,-0.012851209289395094,0,False,
JPMorgan Chase Bank,03/31/2006,0.40972246867587264,0.40717013957873427,0.0025523290971383727,0,False,
JPMorgan Chase Bank,06/30/2006,0.3708339104008775,0.3901196912855895,-0.019285780884712,0,False,
JPMorgan Chase Bank,09/30/2006,0.36910418682577006,0.3620375130100091,0.007066673815760982,0,False,
JPMorgan Chase Bank,12/31/2006,0.34282967862030866,0.4073644036920479,-0.06453472507173924,0,False,
JPMorgan Chase Bank,03/31/2007,0.37746061898599936,0.39806183500727343,-0.02060121602127407,0,False,
JPMorgan Chase Bank,06/30/2007,0.3605088395460222,0.3808988107136046,-0.0203899711675824,0,False,
JPMorgan Chase Bank,09/30/2007,0.36995283880035207,0.37267352388858865,-0.002720685088236585,0,False,
JPMorgan Chase Bank,12/31/2007,0.3662571436327052,0.3657521539580205,0.0005049896746846527,0,False,
JPMorgan Chase Bank,03/31/2008,0.46193414628903007,0.4126038416156163,0.04933030467341376,1,False,
JPMorgan Chase Bank,06/30/2008,0.37466281140549856,0.3801065168971359,-0.005443705491637363,0,False,
JPMorgan Chase Bank,09/30/2008,0.5288817871664112,0.39486708499771944,0.13401470216869177,1,False,
JPMorgan Chase Bank,12/31/2008,0.45888563730546494,0.4472375555227022,0.01164808178276272,1,False,
JPMorgan Chase Bank,03/31/2009,0.4430927588439412,0.449808492739419,-0.006715733895477749,0,False,
JPMorgan Chase Bank,06/30/2009,0.37296067771516267,0.4057051045483737,-0.03274442683321105,0,False,
JPMorgan Chase Bank,09/30/2009,0.3725528269964344,0.3541913932857692,0.018361433710665176,0,False,
JPMorgan Chase Bank,12/31/2009,0.37411376971548504,0.3677384848902963,0.006375284825188732,0,False,
JPMorgan Chase Bank,03/31/2010,0.388046211846447,0.43690556410773856,-0.048859352261291566,0,False,
JPMorgan Chase Bank,06/30/2010,0.3638396689991495,0.3711118174470786,-0.0072721484479291165,0,False,
JPMorgan Chase Bank,09/30/2010,0.3358496746543786,0.34926422501685267,-0.013414550362474076,0,False,
JPMorgan Chase Bank,12/31/2010,0.3419234309665073,0.3492671988282099,-0.007343767861702599,0,False,
JPMorgan Chase Bank,03/31/2011,0.3927876575840161,0.3869729674858602,0.005814690098155939,0,False,
JPMorgan Chase Bank,06/30/2011,0.3450283870494301,0.37247335048870833,-0.027444963439278214,0,False,
JPMorgan Chase Bank,09/30/2011,0.35204945176980784,0.37795450440127,-0.025905052631462144,0,False,
JPMorgan Chase Bank,12/31/2011,0.3414715523962354,0.35017893717272935,-0.008707384776493965,0,False,
JPMorgan Chase Bank,03/31/2012,0.3711015963500168,0.38193056424741895,-0.01082896789740212,0,False,
JPMorgan Chase Bank,06/30/2012,0.34589477892839443,0.3614659237305353,-0.01557114480214089,0,False,
JPMorgan Chase Bank,09/30/2012,0.3430716691292717,0.3391413713084334,0.003930297820838258,0,False,
JPMorgan Chase Bank,12/31/2012,0.3333279608450746,0.344668001928834,-0.011340041083759411,0,False,
JPMorgan Chase Bank,03/31/2013,0.3818323294495394,0.3805564127860912,0.0012759166634481733,0,False,
JPMorgan Chase Bank,06/30/2013,0.3647842205493938,0.3666194557134717,-0.0018352351640779085,0,False,
JPMorgan Chase Bank,09/30/2013,0.34668496101097035,0.3407881953673349,0.005896765643635449,0,False,
JPMorgan Chase Bank,12/31/2013,0.3426257241147475,0.34131217175859146,0.0013135523561560447,0,False,
JPMorgan Chase Bank,03/31/2014,0.38729776522416937,0.3714294393852089,0.015868325838960473,0,False,
JPMorgan Chase Bank,06/30/2014,0.3353765452452018,0.3541262744631167,-0.0187497292179149,0,False,
JPMorgan Chase Bank,09/30/2014,0.3420521233499051,0.348213919444158,-0.006161796094252936,0,False,
JPMorgan Chase Bank,12/31/2014,0.34004960714234894,0.3473631835073581,-0.007313576365009178,0,False,
JPMorgan Chase Bank,03/31/2015,0.3576714094950555,0.36352266744519635,-0.0058512579501408535,0,False,
JPMorgan Chase Bank,06/30/2015,0.3543044998857419,0.3467612659033045,0.007543233982437392,0,False,
JPMorgan Chase Bank,09/30/2015,0.33922680331960975,0.33141161046773543,0.00781519285187432,0,False,
JPMorgan Chase Bank,12/31/2015,0.35486092563255345,0.3341467250860137,0.020714200546539774,0,False,
JPMorgan Chase Bank,03/31/2016,0.3623910171630944,0.36711058306563493,-0.0047195659025405234,0,False,
JPMorgan Chase Bank,06/30/2016,0.34955288554870484,0.36529154649097045,-0.015738660942265614,0,False,
JPMorgan Chase Bank,09/30/2016,0.3419959015545863,0.3353917287563945,0.00660417279819181,0,False,
JPMorgan Chase Bank,12/31/2016,0.33371857830557944,0.33720297229763524,-0.003484393992055801,0,False,
JPMorgan Chase Bank,03/31/2017,0.3647692460342552,0.37027693219565044,-0.005507686161395242,0,False,
JPMorgan Chase Bank,06/30/2017,0.34379331939387603,0.36296752014566724,-0.019174200751791215,0,False,
JPMorgan Chase Bank,09/30/2017,0.3322688086145617,0.34009171719486914,-0.00782290858030743,0,False,
JPMorgan Chase Bank,12/31/2017,0.3289495306425247,0.34219830198285967,-0.013248771340334975,0,False,
JPMorgan Chase Bank,03/31/2018,0.35592338138386825,0.37310730680363385,-0.0171839254197656,0,False,
JPMorgan Chase Bank,06/30/2018,0.35119666246596315,0.357145674707341,-0.005949012241377838,0,False,
JPMorgan Chase Bank,09/30/2018,0.3249982388783754,0.3387657370079881,-0.013767498129612699,0,False,
JPMorgan Chase Bank,12/31/2018,0.3464095858985225,0.3374217976695641,0.008987788228958404,0,False,
JPMorgan Chase Bank,03/31/2019,0.3725922012929413,0.37292513205378014,-0.00033293076083884543,0,False,
JPMorgan Chase Bank,06/30/2019,0.4116282155200158,0.3658997583618741,0.04572845715814172,0,False,
JPMorgan Chase Bank,09/30/2019,0.3346579159153082,0.33621485901802467,-0.0015569431027164793,0,False,
JPMorgan Chase Bank,12/31/2019,0.3337188454720391,0.34483881220323803,-0.011119966731198916,0,False,
JPMorgan Chase Bank,03/31/2020,0.450842409787423,0.4173249464501456,0.0335174633372774,0,False,
JPMorgan Chase Bank,06/30/2020,0.37819376630610324,0.3889927767878767,-0.010799010481773452,0,False,
JPMorgan Chase Bank,09/30/2020,0.3557730960834378,0.35209794935207767,0.003675146731360157,0,False,
JPMorgan Chase Bank,12/31/2020,0.35466103035520546,0.3543529388334757,0.0003080915217297808,0,False,
JPMorgan Chase Bank,03/31/2021,0.39310117095923214,0.3980026702017796,-0.004901499242547458,0,False,
JPMorgan Chase Bank,06/30/2021,0.35848141846147596,0.36173935755578096,-0.0032579390943049957,0,False,
JPMorgan Chase Bank,09/30/2021,0.3221686760137873,0.3441401995835431,-0.02197152356975579,0,False,
JPMorgan Chase Bank,12/31/2021,0.3344293026384845,0.3585990650022584,-0.024169762363773883,0,False,
JPMorgan Chase Bank,03/31/2022,0.39364562312145784,0.39048522952885295,0.003160393592604893,0,False,
JPMorgan Chase Bank,06/30/2022,0.38110388179117066,0.3996213008398854,-0.018517419048714734,0,False,
JPMorgan Chase Bank,09/30/2022,0.3496309608962875,0.36473732334981374,-0.015106362453526256,0,False,
JPMorgan Chase Bank,12/31/2022,0.3406270492570458,0.3575999414342006,-0.016972892177154808,0,False,
JPMorgan Chase Bank,03/31/2023,0.37189737603160117,0.3933682094864816,-0.021470833454880434,0,False,
JPMorgan Chase Bank,06/30/2023,0.3825472226278822,0.36880760789685496,0.01373961473102725,0,False,
JPMorgan Chase Bank,09/30/2023,0.33390770136720016,0.3513383977651396,-0.017430696397939427,0,False,
JPMorgan Chase Bank,12/31/2023,0.34395913183455357,0.3469936896959654,-0.003034557861411824,0,False,
JPMorgan Chase Bank,03/31/2024,0.37007463821569153,0.3787617946498603,-0.008687156434168786,0,False,
JPMorgan Chase Bank,06/30/2024,0.34983632302498624,0.3574135338693672,-0.007577210844380955,0,False,
JPMorgan Chase Bank,09/30/2024,0.3329252262434762,0.3535173259498799,-0.020592099706403688,0,False,
JPMorgan Chase Bank,12/31/2024,0.34569434019022227,0.3482701622574889,-0.002575822067266642,0,False,
JPMorgan Chase Bank,03/31/2025,0.3761141172994412,0.3864949077144779,-0.0103807904150367,0,False,
JPMorgan Chase Bank,06/30/2025,0.34380748287146645,0.36579774447774854,-0.02199026160628209,0,False,
JPMorgan Chase Bank,09/30/2025,0.3272996219169436,0.3400658021596645,-0.01276618024272086,0,False,
Citibank,06/30/2001,0.3858183041374474,0.38270769300927976,0.0031106111281676285,0,False,
Citibank,09/30/2001,0.4139120430412412,0.42409488953164143,-0.010182846490400244,0,True,9/11 Terrorist Attacks - market-wide shock
Citibank,12/31/2001,0.4045124798430126,0.4322189761656676,-0.02770649632265504,0,False,
Citibank,03/31/2002,0.4390347934235215,0.43270235499669074,0.006332438426830733,1,False,
Citibank,06/30/2002,0.426026357628733,0.39102246507431115,0.03500389255442182,0,False,
Citibank,09/30/2002,0.3884138419868361,0.3762402565174665,0.012173585469369586,0,False,
Citibank,12/31/2002,0.359669762181545,0.38589418997656766,-0.026224427795022653,0,False,
Citibank,03/31/2003,0.4063054093780367,0.40168820157031543,0.004617207807721291,0,False,
Citibank,06/30/2003,0.362963316799245,0.3723620566749354,-0.009398739875690398,0,False,
Citibank,09/30/2003,0.36356424228531037,0.3623937126836501,0.0011705296016602529,0,False,
Citibank,12/31/2003,0.37699246508696094,0.40031461911468735,-0.023322154027726416,0,False,
Citibank,03/31/2004,0.40455998171524293,0.4338009087990703,-0.02924092708382736,0,False,
Citibank,06/30/2004,0.38334672395792835,0.3689474269710803,0.014399296986848054,0,False,
Citibank,09/30/2004,0.3567347834450184,0.35234235316916934,0.0043924302758490685,0,False,
Citibank,12/31/2004,0.35931278730187133,0.4195573565752542,-0.0602445692733829,0,False,
Citibank,03/31/2005,0.3889885079011704,0.38768006148811823,0.0013084464130521667,0,False,
Citibank,06/30/2005,0.39764110400966274,0.41849057244892995,-0.020849468439267216,0,False,
Citibank,09/30/2005,0.3571261721420442,0.36129837679823534,-0.00417220465619117,0,False,
Citibank,12/31/2005,0.36132387718721104,0.37887094165057844,-0.0175470644633674,0,False,
Citibank,03/31/2006,0.3906952358026777,0.40717013957873427,-0.016474903776056593,0,False,
Citibank,06/30/2006,0.3832949308202665,0.3901196912855895,-0.006824760465322988,0,False,
Citibank,09/30/2006,0.3734631634730706,0.3620375130100091,0.011425650463061543,0,False,
Citibank,12/31/2006,0.6063335942705932,0.4073644036920479,0.19896919057854529,1,False,
Citibank,03/31/2007,0.41565562362991665,0.39806183500727343,0.017593788622643214,0,False,
Citibank,06/30/2007,0.4110797992950684,0.3808988107136046,0.030180988581463786,0,False,
Citibank,09/30/2007,0.3895022895829967,0.37267352388858865,0.016828765694408054,0,False,
Citibank,12/31/2007,0.3679170936257996,0.3657521539580205,0.0021649396677790866,0,False,
Citibank,03/31/2008,0.4248131097795223,0.4126038416156163,0.012209268163905995,0,False,
Citibank,06/30/2008,0.38924296285263693,0.3801065168971359,0.009136445955501005,0,False,
Citibank,09/30/2008,0.3878769747156426,0.39486708499771944,-0.006990110282076856,0,False,
Citibank,12/31/2008,0.45769823785072117,0.4472375555227022,0.010460682328018944,1,False,
Citibank,03/31/2009,0.45522043704878634,0.449808492739419,0.005411944309367367,1,False,
Citibank,06/30/2009,0.4662264356766611,0.4057051045483737,0.06052133112828739,1,False,
Citibank,09/30/2009,0.3578507999761396,0.3541913932857692,0.0036594066903704037,0,False,
Citibank,12/31/2009,0.378545947426895,0.3677384848902963,0.0108074625365987,0,False,
Citibank,03/31/2010,0.3917698379966736,0.43690556410773856,-0.04513572611106498,0,False,
Citibank,06/30/2010,0.40763244801701143,0.3711118174470786,0.03652063056993282,0,False,
Citibank,09/30/2010,0.37232445063092434,0.34926422501685267,0.023060225614071672,0,False,
Citibank,12/31/2010,0.37122463894332786,0.3492671988282099,0.021957440115117965,0,False,
Citibank,03/31/2011,0.394040940789692,0.3869729674858602,0.007067973303831798,0,False,
Citibank,06/30/2011,0.40907048634403936,0.37247335048870833,0.03659713585533103,0,False,
Citibank,09/30/2011,0.438417728664124,0.37795450440127,0.060463224262854,0,False,
Citibank,12/31/2011,0.37015109695219217,0.35017893717272935,0.019972159779462817,0,False,
Citibank,03/31/2012,0.39720148703747016,0.38193056424741895,0.015270922790051211,0,False,
Citibank,06/30/2012,0.3658274101632468,0.3614659237305353,0.004361486432711503,0,False,
Citibank,09/30/2012,0.3429290883314859,0.3391413713084334,0.0037877170230524726,0,False,
Citibank,12/31/2012,0.3638163289339317,0.344668001928834,0.019148327005097665,0,False,
Citibank,03/31/2013,0.4037534860405936,0.3805564127860912,0.023197073254502376,0,False,
Citibank,06/30/2013,0.38048487363062417,0.3666194557134717,0.013865417917152456,0,False,
Citibank,09/30/2013,0.34717295408994897,0.3407881953673349,0.00638475872261407,0,False,
Citibank,12/31/2013,0.336182668344383,0.34131217175859146,-0.0051295034142084805,0,False,
Citibank,03/31/2014,0.3709566385972763,0.3714294393852089,-0.0004728007879326035,0,False,
Citibank,06/30/2014,0.3735783640609971,0.3541262744631167,0.019452089597880418,0,False,
Citibank,09/30/2014,0.3430426872909977,0.348213919444158,-0.005171232153160343,0,False,
Citibank,12/31/2014,0.35273722477834485,0.3473631835073581,0.005374041270986729,0,False,
Citibank,03/31/2015,0.38890003943153434,0.36352266744519635,0.025377371986337993,0,False,
Citibank,06/30/2015,0.35094919864442203,0.3467612659033045,0.004187932741117506,0,False,
Citibank,09/30/2015,0.3305778503489016,0.33141161046773543,-0.0008337601188338484,0,False,
Citibank,12/31/2015,0.33864843862090543,0.3341467250860137,0.00450171353489176,0,False,
Citibank,03/31/2016,0.3691545230943412,0.36711058306563493,0.0020439400287062814,0,False,
Citibank,06/30/2016,0.36573769906355186,0.36529154649097045,0.00044615257258140417,0,False,
Citibank,09/30/2016,0.3288845956816529,0.3353917287563945,-0.0065071330747416,0,False,
Citibank,12/31/2016,0.3447960756294799,0.33720297229763524,0.007593103331844653,0,False,
Citibank,03/31/2017,0.3736935309993921,0.37027693219565044,0.0034165988037416772,0,False,
Citibank,06/30/2017,0.3441871308841727,0.36296752014566724,-0.018780389261494557,0,False,
Citibank,09/30/2017,0.3347447031951367,0.34009171719486914,-0.0053470139997324195,0,False,
Citibank,12/31/2017,0.3674745499950888,0.34219830198285967,0.025276248012229108,0,False,
Citibank,03/31/2018,0.3858557327850521,0.37310730680363385,0.012748425981418232,0,False,
Citibank,06/30/2018,0.3469525090324783,0.357145674707341,-0.01019316567486267,0,False,
Citibank,09/30/2018,0.3413680025375751,0.3387657370079881,0.002602265529586978,0,False,
Citibank,12/31/2018,0.33178719157423653,0.3374217976695641,-0.005634606095327566,0,False,
Citibank,03/31/2019,0.37631598235824293,0.37292513205378014,0.003390850304462789,0,False,
Citibank,06/30/2019,0.35725881579708796,0.3658997583618741,-0.008640942564786147,0,False,
Citibank,09/30/2019,0.3341397706909761,0.33621485901802467,-0.0020750883270485576,0,False,
Citibank,12/31/2019,0.3381425675836487,0.34483881220323803,-0.006696244619589342,0,False,
Citibank,03/31/2020,0.42879936373813754,0.4173249464501456,0.011474417287991923,0,False,
Citibank,06/30/2020,0.3645747752839251,0.3889927767878767,-0.02441800150395157,0,False,
Citibank,09/30/2020,0.3449163322923787,0.35209794935207767,-0.0071816170596989415,0,False,
Citibank,12/31/2020,0.3405895624397563,0.3543529388334757,-0.013763376393719384,0,False,
Citibank,03/31/2021,0.4024263962486768,0.3980026702017796,0.004423726046897225,0,False,
Citibank,06/30/2021,0.3411455018434073,0.36173935755578096,-0.020593855712373654,0,False,
Citibank,09/30/2021,0.35393222783871486,0.3441401995835431,0.00979202825517178,0,False,
Citibank,12/31/2021,0.3547376068536238,0.3585990650022584,-0.003861458148634589,0,False,
Citibank,03/31/2022,0.38932931654410535,0.39048522952885295,-0.001155912984747598,0,False,
Citibank,06/30/2022,0.3851501597391193,0.3996213008398854,-0.014471141100766083,0,False,
Citibank,09/30/2022,0.35620770702337884,0.36473732334981374,-0.008529616326434897,0,False,
Citibank,12/31/2022,0.34309142500987105,0.3575999414342006,-0.014508516424329543,0,False,
Citibank,03/31/2023,0.40626655026904124,0.3933682094864816,0.012898340782559636,0,False,
Citibank,06/30/2023,0.3628449087507829,0.36880760789685496,-0.005962699146072059,0,False,
Citibank,09/30/2023,0.35753193439000985,0.3513383977651396,0.006193536624870266,0,False,
Citibank,12/31/2023,0.3442949661109506,0.3469936896959654,-0.002698723585014773,0,False,
Citibank,03/31/2024,0.37671987127734075,0.3787617946498603,-0.002041923372519572,0,False,
Citibank,06/30/2024,0.3507562291421369,0.3574135338693672,-0.0066573047272303065,0,False,
Citibank,09/30/2024,0.3583548991547282,0.3535173259498799,0.004837573204848289,0,False,
Citibank,12/31/2024,0.3437602602629487,0.3482701622574889,-0.004509901994540211,0,False,
Citibank,03/31/2025,0.3779709622646646,0.3864949077144779,-0.00852394544981333,0,False,
Citibank,06/30/2025,0.3640796040208183,0.36579774447774854,-0.0017181404569302505,0,False,
Citibank,09/30/2025,0.3429387296468749,0.3400658021596645,0.0028729274872104082,0,False,
Bank of America,06/30/2001,0.3744873334307302,0.38270769300927976,-0.008220359578549552,0,False,
Bank of America,09/30/2001,0.38537783541272624,0.42409488953164143,-0.038717054118915184,0,True,9/11 Terrorist Attacks - market-wide shock
Bank of America,12/31/2001,0.40481217653417007,0.4322189761656676,-0.027406799631497558,0,False,
Bank of America,03/31/2002,0.41293863134426795,0.43270235499669074,-0.019763723652422793,0,False,
Bank of America,06/30/2002,0.3846972596061325,0.39102246507431115,-0.006325205468178663,0,False,
Bank of America,09/30/2002,0.3527089597200125,0.3762402565174665,-0.023531296797454027,0,False,
Bank of America,12/31/2002,0.3583153633235274,0.38589418997656766,-0.027578826653040234,0,False,
Bank of America,03/31/2003,0.3957853081223846,0.40168820157031543,-0.005902893447930824,0,False,
Bank of America,06/30/2003,0.4071092555378476,0.3723620566749354,0.03474719886291222,0,False,
Bank of America,09/30/2003,0.36966501045268035,0.3623937126836501,0.007271297769030238,0,False,
Bank of America,12/31/2003,0.3723142476435957,0.40031461911468735,-0.028000371471091634,0,False,
Bank of America,03/31/2004,0.4148589881190536,0.4338009087990703,-0.01894192068001671,0,False,
Bank of America,06/30/2004,0.38628303868707914,0.3689474269710803,0.017335611715998844,0,False,
Bank of America,09/30/2004,0.34914020760998565,0.35234235316916934,-0.003202145559183689,0,False,
Bank of America,12/31/2004,0.35458894402423735,0.4195573565752542,-0.06496841255101687,0,False,
Bank of America,03/31/2005,0.4107650496155582,0.38768006148811823,0.023084988127439976,0,False,
Bank of America,06/30/2005,0.6078670025260428,0.41849057244892995,0.1893764300771128,1,False,
Bank of America,09/30/2005,0.39043460797687474,0.36129837679823534,0.029136231178639393,0,False,
Bank of America,12/31/2005,0.36998617124795863,0.37887094165057844,-0.008884770402619813,0,False,
Bank of America,03/31/2006,0.389340379611798,0.40717013957873427,-0.017829759966936254,0,False,
Bank of America,06/30/2006,0.41840784589602625,0.3901196912855895,0.028288154610436766,1,False,
Bank of America,09/30/2006,0.38794699523313836,0.3620375130100091,0.025909482223129277,0,False,
Bank of America,12/31/2006,0.36698502540706635,0.4073644036920479,-0.04037937828498156,0,False,
Bank of America,03/31/2007,0.390349229471796,0.39806183500727343,-0.007712605535477424,0,False,
Bank of America,06/30/2007,0.3741411600194601,0.3808988107136046,-0.006757650694144524,0,False,
Bank of America,09/30/2007,0.3706619744192468,0.37267352388858865,-0.0020115494693418445,0,False,
Bank of America,12/31/2007,0.37587297685643867,0.3657521539580205,0.010120822898418147,0,False,
Bank of America,03/31/2008,0.391894526780693,0.4126038416156163,-0.02070931483492333,0,False,
Bank of America,06/30/2008,0.38182687976713503,0.3801065168971359,0.0017203628699991036,0,False,
Bank of America,09/30/2008,0.37935351244897997,0.39486708499771944,-0.015513572548739474,0,False,
Bank of America,12/31/2008,0.44211304266621837,0.4472375555227022,-0.005124512856483854,1,False,
Bank of America,03/31/2009,0.41686573505381397,0.449808492739419,-0.032942757685605006,1,False,
Bank of America,06/30/2009,0.4374648714188234,0.4057051045483737,0.03175976687044968,1,False,
Bank of America,09/30/2009,0.3695635620379616,0.3541913932857692,0.015372168752192383,0,False,
Bank of America,12/31/2009,0.35176990989626333,0.3677384848902963,-0.01596857499403298,0,False,
Bank of America,03/31/2010,0.4051933614281391,0.43690556410773856,-0.031712202679599455,0,False,
Bank of America,06/30/2010,0.361512319346853,0.3711118174470786,-0.00959949810022559,0,False,
Bank of America,09/30/2010,0.3513486890015246,0.34926422501685267,0.002084463984671936,0,False,
Bank of America,12/31/2010,0.3477255042601969,0.3492671988282099,-0.0015416945680130079,0,False,
Bank of America,03/31/2011,0.41473826487627824,0.3869729674858602,0.027765297390418053,0,False,
Bank of America,06/30/2011,0.3812633448357968,0.37247335048870833,0.008789994347088492,0,False,
Bank of America,09/30/2011,0.35946602332475974,0.37795450440127,-0.018488481076510244,0,False,
Bank of America,12/31/2011,0.3618477441255113,0.35017893717272935,0.01166880695278194,0,False,
Bank of America,03/31/2012,0.371082227387871,0.38193056424741895,-0.010848336859547947,0,False,
Bank of America,06/30/2012,0.36731009024762723,0.3614659237305353,0.005844166517091909,0,False,
Bank of America,09/30/2012,0.3528254728885945,0.3391413713084334,0.01368410158016109,0,False,
Bank of America,12/31/2012,0.36665868868765195,0.344668001928834,0.021990686758817934,0,False,
Bank of America,03/31/2013,0.38628846064704386,0.3805564127860912,0.00573204786095266,0,False,
Bank of America,06/30/2013,0.3682580409028193,0.3666194557134717,0.0016385851893475634,0,False,
Bank of America,09/30/2013,0.3468994732064222,0.3407881953673349,0.006111277839087326,0,False,
Bank of America,12/31/2013,0.3678303254011736,0.34131217175859146,0.026518153642582143,0,False,
Bank of America,03/31/2014,0.3612764576399279,0.3714294393852089,-0.010152981745281009,0,False,
Bank of America,06/30/2014,0.34453586849955264,0.3541262744631167,-0.00959040596356403,0,False,
Bank of America,09/30/2014,0.3602898940090657,0.348213919444158,0.012075974564907666,0,False,
Bank of America,12/31/2014,0.4012984449459004,0.3473631835073581,0.05393526143854227,0,False,
Bank of America,03/31/2015,0.35421617250832343,0.36352266744519635,-0.009306494936872911,0,False,
Bank of America,06/30/2015,0.34953844367088577,0.3467612659033045,0.0027771777675812404,0,False,
Bank of America,09/30/2015,0.3383253018308573,0.33141161046773543,0.0069136913631218655,0,False,
Bank of America,12/31/2015,0.33398022604945726,0.3341467250860137,-0.00016649903655641118,0,False,
Bank of America,03/31/2016,0.3542610959846373,0.36711058306563493,-0.012849487080997646,0,False,
Bank of America,06/30/2016,0.3515357425356943,0.36529154649097045,-0.013755803955276147,0,False,
Bank of America,09/30/2016,0.3418257159732837,0.3353917287563945,0.006433987216889203,0,False,
Bank of America,12/31/2016,0.34215450848362067,0.33720297229763524,0.004951536185985428,0,False,
Bank of America,03/31/2017,0.36326439105975145,0.37027693219565044,-0.0070125411358989975,0,False,
Bank of America,06/30/2017,0.351128393561442,0.36296752014566724,-0.011839126584225257,0,False,
Bank of America,09/30/2017,0.3215900225571143,0.34009171719486914,-0.018501694637754862,0,False,
Bank of America,12/31/2017,0.3351351590128618,0.34219830198285967,-0.007063142969997882,0,False,
Bank of America,03/31/2018,0.349639649225542,0.37310730680363385,-0.023467657578091827,0,False,
Bank of America,06/30/2018,0.35814074370955745,0.357145674707341,0.0009950690022164643,0,False,
Bank of America,09/30/2018,0.35009826848762327,0.3387657370079881,0.011332531479635144,0,False,
Bank of America,12/31/2018,0.3459487454176302,0.3374217976695641,0.008526947748066116,0,False,
Bank of America,03/31/2019,0.3622042937258572,0.37292513205378014,-0.010720838327922921,0,False,
Bank of America,06/30/2019,0.3461077782349832,0.3658997583618741,-0.01979198012689093,0,False,
Bank of America,09/30/2019,0.33656285879863745,0.33621485901802467,0.00034799978061278436,0,False,
Bank of America,12/31/2019,0.34394430167630774,0.34483881220323803,-0.0008945105269302922,0,False,
Bank of America,03/31/2020,0.39670515166105247,0.4173249464501456,-0.02061979478909315,0,False,
Bank of America,06/30/2020,0.3865093906974983,0.3889927767878767,-0.0024833860903784033,0,False,
Bank of America,09/30/2020,0.3433061685750969,0.35209794935207767,-0.008791780776980784,0,False,
Bank of America,12/31/2020,0.3493302015237703,0.3543529388334757,-0.005022737309705372,0,False,
Bank of America,03/31/2021,0.38523193841099773,0.3980026702017796,-0.012770731790781864,0,False,
Bank of America,06/30/2021,0.36013358651584587,0.36173935755578096,-0.0016057710399350889,0,False,
Bank of America,09/30/2021,0.33880169489572287,0.3441401995835431,-0.005338504687820211,0,False,
Bank of America,12/31/2021,0.3585845423582747,0.3585990650022584,-1.4522643983716499e-05,0,False,
Bank of America,03/31/2022,0.36734495511832,0.39048522952885295,-0.023140274410532957,0,False,
Bank of America,06/30/2022,0.3736484344153044,0.3996213008398854,-0.02597286642458102,0,False,
Bank of America,09/30/2022,0.3556446643918873,0.36473732334981374,-0.009092658957926436,0,False,
Bank of America,12/31/2022,0.35559207860519587,0.3575999414342006,-0.002007862829004725,0,False,
Bank of America,03/31/2023,0.39499297835680813,0.3933682094864816,0.0016247688703265317,0,False,
Bank of America,06/30/2023,0.3604146303683977,0.36880760789685496,-0.008392977528457246,0,False,
Bank of America,09/30/2023,0.34931778084043924,0.3513383977651396,-0.002020616924700347,0,False,
Bank of America,12/31/2023,0.3393447916413088,0.3469936896959654,-0.007648898054656572,0,False,
Bank of America,03/31/2024,0.36103788578495766,0.3787617946498603,-0.01772390886490266,0,False,
Bank of America,06/30/2024,0.3463433062587249,0.3574135338693672,-0.011070227610642303,0,False,
Bank of America,09/30/2024,0.3534515344799896,0.3535173259498799,-6.579146989027507e-05,0,False,
Bank of America,12/31/2024,0.3319035375609417,0.3482701622574889,-0.016366624696547205,0,False,
Bank of America,03/31/2025,0.3575513045572576,0.3864949077144779,-0.028943603157220332,0,False,
Bank of America,06/30/2025,0.34123880784973926,0.36579774447774854,-0.024558936628009287,0,False,
Bank of America,09/30/2025,0.3444909271828025,0.3400658021596645,0.004425125023138021,0,False,
Wells Fargo Bank,06/30/2001,0.39209349995977866,0.38270769300927976,0.009385806950498898,0,False,
Wells Fargo Bank,09/30/2001,0.3866184727640076,0.42409488953164143,-0.0374764167676338,0,True,9/11 Terrorist Attacks - market-wide shock
Wells Fargo Bank,12/31/2001,0.4015397694564764,0.4322189761656676,-0.03067920670919122,0,False,
Wells Fargo Bank,03/31/2002,0.385391101732372,0.43270235499669074,-0.04731125326431873,0,False,
Wells Fargo Bank,06/30/2002,0.37996037070776406,0.39102246507431115,-0.011062094366547093,0,False,
Wells Fargo Bank,09/30/2002,0.38570532468402025,0.3762402565174665,0.009465068166553736,0,False,
Wells Fargo Bank,12/31/2002,0.39754845786158755,0.38589418997656766,0.011654267885019887,0,False,
Wells Fargo Bank,03/31/2003,0.408512656387061,0.40168820157031543,0.006824454816745595,0,False,
Wells Fargo Bank,06/30/2003,0.36659341983092397,0.3723620566749354,-0.00576863684401141,0,False,
Wells Fargo Bank,09/30/2003,0.3873658601313032,0.3623937126836501,0.02497214744765308,0,False,
Wells Fargo Bank,12/31/2003,0.48529901852937934,0.40031461911468735,0.08498439941469199,1,False,
Wells Fargo Bank,03/31/2004,0.534211635987479,0.4338009087990703,0.10041072718840871,1,False,
Wells Fargo Bank,06/30/2004,0.3693662552906491,0.3689474269710803,0.00041882831956879807,0,False,
Wells Fargo Bank,09/30/2004,0.35769424473755934,0.35234235316916934,0.005351891568389999,0,False,
Wells Fargo Bank,12/31/2004,0.3528412001628589,0.4195573565752542,-0.06671615641239531,0,False,
Wells Fargo Bank,03/31/2005,0.38258566012756623,0.38768006148811823,-0.005094401360552003,0,False,
Wells Fargo Bank,06/30/2005,0.3521118710238697,0.41849057244892995,-0.06637870142506025,0,False,
Wells Fargo Bank,09/30/2005,0.35290430642444226,0.36129837679823534,-0.008394070373793083,0,False,
Wells Fargo Bank,12/31/2005,0.3624502711887158,0.37887094165057844,-0.01642067046186263,0,False,
Wells Fargo Bank,03/31/2006,0.386788038655294,0.40717013957873427,-0.020382100923440283,0,False,
Wells Fargo Bank,06/30/2006,0.36737445098169996,0.3901196912855895,-0.022745240303889525,0,False,
Wells Fargo Bank,09/30/2006,0.33962525500255714,0.3620375130100091,-0.022412258007451946,0,False,
Wells Fargo Bank,12/31/2006,0.35719624127348626,0.4073644036920479,-0.050168162418561646,0,False,
Wells Fargo Bank,03/31/2007,0.37251773454506326,0.39806183500727343,-0.025544100462210173,0,False,
Wells Fargo Bank,06/30/2007,0.3894914935535222,0.3808988107136046,0.008592682839917598,0,False,
Wells Fargo Bank,09/30/2007,0.36956400634015363,0.37267352388858865,-0.0031095175484350257,0,False,
Wells Fargo Bank,12/31/2007,0.352916774628367,0.3657521539580205,-0.012835379329653507,0,False,
Wells Fargo Bank,03/31/2008,0.402213539535831,0.4126038416156163,-0.010390302079785307,0,False,
Wells Fargo Bank,06/30/2008,0.39073934509125674,0.3801065168971359,0.010632828194120814,0,False,
Wells Fargo Bank,09/30/2008,0.3557313620159774,0.39486708499771944,-0.03913572298174206,0,False,
Wells Fargo Bank,12/31/2008,0.41361216194257955,0.4472375555227022,-0.033625393580122676,0,False,
Wells Fargo Bank,03/31/2009,0.41544473330274306,0.449808492739419,-0.03436375943667591,1,False,
Wells Fargo Bank,06/30/2009,0.3839653494733055,0.4057051045483737,-0.0217397550750682,0,False,
Wells Fargo Bank,09/30/2009,0.35970129624790936,0.3541913932857692,0.005509902962140156,0,False,
Wells Fargo Bank,12/31/2009,0.40432867219238694,0.3677384848902963,0.03659018730209063,0,False,
Wells Fargo Bank,03/31/2010,0.6986388942431918,0.43690556410773856,0.26173333013545325,1,False,
Wells Fargo Bank,06/30/2010,0.36783686447007924,0.3711118174470786,-0.003274952976999368,0,False,
Wells Fargo Bank,09/30/2010,0.36923097992479315,0.34926422501685267,0.019966754907940476,0,False,
Wells Fargo Bank,12/31/2010,0.3584969955015465,0.3492671988282099,0.009229796673336621,0,False,
Wells Fargo Bank,03/31/2011,0.39176900943044723,0.3869729674858602,0.004796041944587048,0,False,
Wells Fargo Bank,06/30/2011,0.3605979264436287,0.37247335048870833,-0.01187542404507963,0,False,
Wells Fargo Bank,09/30/2011,0.35957021079611046,0.37795450440127,-0.01838429360515953,0,False,
Wells Fargo Bank,12/31/2011,0.36051649454195356,0.35017893717272935,0.010337557369224204,0,False,
Wells Fargo Bank,03/31/2012,0.3896441422908882,0.38193056424741895,0.007713578043469227,0,False,
Wells Fargo Bank,06/30/2012,0.35839225688623466,0.3614659237305353,-0.00307366684430066,0,False,
Wells Fargo Bank,09/30/2012,0.3391550860648926,0.3391413713084334,1.3714756459171085e-05,0,False,
Wells Fargo Bank,12/31/2012,0.3525986229048967,0.344668001928834,0.007930620976062674,0,False,
Wells Fargo Bank,03/31/2013,0.3793535630355433,0.3805564127860912,-0.0012028497505479074,0,False,
Wells Fargo Bank,06/30/2013,0.36790089419360605,0.3666194557134717,0.0012814384801343448,0,False,
Wells Fargo Bank,09/30/2013,0.3393632748796127,0.3407881953673349,-0.0014249204877221922,0,False,
Wells Fargo Bank,12/31/2013,0.3538740453358998,0.34131217175859146,0.012561873577308313,0,False,
Wells Fargo Bank,03/31/2014,0.3819314475168971,0.3714294393852089,0.010502008131688223,0,False,
Wells Fargo Bank,06/30/2014,0.3746214039023331,0.3541262744631167,0.020495129439216442,0,False,
Wells Fargo Bank,09/30/2014,0.36444306541503513,0.348213919444158,0.0162291459708771,0,False,
Wells Fargo Bank,12/31/2014,0.35938399664469584,0.3473631835073581,0.012020813137337716,0,False,
Wells Fargo Bank,03/31/2015,0.36197730818639595,0.36352266744519635,-0.001545359258800394,0,False,
Wells Fargo Bank,06/30/2015,0.34206967471399063,0.3467612659033045,-0.004691591189313893,0,False,
Wells Fargo Bank,09/30/2015,0.33946223951675725,0.33141161046773543,0.008050629049021818,0,False,
Wells Fargo Bank,12/31/2015,0.34411685362800537,0.3341467250860137,0.009970128541991696,0,False,
Wells Fargo Bank,03/31/2016,0.3794135900030212,0.36711058306563493,0.012303006937386285,0,False,
Wells Fargo Bank,06/30/2016,0.36540178047685656,0.36529154649097045,0.00011023398588611011,0,False,
Wells Fargo Bank,09/30/2016,0.3370315572988744,0.3353917287563945,0.0016398285424799042,0,False,
Wells Fargo Bank,12/31/2016,0.33598340097505425,0.33720297229763524,-0.0012195713225809923,0,False,
Wells Fargo Bank,03/31/2017,0.36598254261301805,0.37027693219565044,-0.004294389582632396,0,False,
Wells Fargo Bank,06/30/2017,0.3718680896248234,0.36296752014566724,0.008900569479156129,0,False,
Wells Fargo Bank,09/30/2017,0.340162946220745,0.34009171719486914,7.1229025875863e-05,0,False,
Wells Fargo Bank,12/31/2017,0.35879431484322183,0.34219830198285967,0.016596012860362164,0,False,
Wells Fargo Bank,03/31/2018,0.3960118964189329,0.37310730680363385,0.022904589615299065,0,False,
Wells Fargo Bank,06/30/2018,0.3528296621513746,0.357145674707341,-0.004316012555966364,0,False,
Wells Fargo Bank,09/30/2018,0.34088137058056833,0.3387657370079881,0.002115633572580211,0,False,
Wells Fargo Bank,12/31/2018,0.3413019100457815,0.3374217976695641,0.0038801123762173817,0,False,
Wells Fargo Bank,03/31/2019,0.3764592339669415,0.37292513205378014,0.003534101913161336,0,False,
Wells Fargo Bank,06/30/2019,0.34617156419321415,0.3658997583618741,-0.01972819416865995,0,False,
Wells Fargo Bank,09/30/2019,0.3377974409083456,0.33621485901802467,0.0015825818903209554,0,False,
Wells Fargo Bank,12/31/2019,0.353990319446213,0.34483881220323803,0.009151507242974977,0,False,
Wells Fargo Bank,03/31/2020,0.4271633549470281,0.4173249464501456,0.0098384084968825,1,False,
Wells Fargo Bank,06/30/2020,0.40506304930910925,0.3889927767878767,0.016070272521232554,0,False,
Wells Fargo Bank,09/30/2020,0.3470159221430084,0.35209794935207767,-0.005082027209069251,0,False,
Wells Fargo Bank,12/31/2020,0.39840033229869204,0.3543529388334757,0.044047393465216356,0,False,
Wells Fargo Bank,03/31/2021,0.38776475578452096,0.3980026702017796,-0.010237914417258631,0,False,
Wells Fargo Bank,06/30/2021,0.35221118496735715,0.36173935755578096,-0.009528172588423811,0,False,
Wells Fargo Bank,09/30/2021,0.33286325206450296,0.3441401995835431,-0.011276947519040126,0,False,
Wells Fargo Bank,12/31/2021,0.3718465697401635,0.3585990650022584,0.013247504737905091,0,False,
Wells Fargo Bank,03/31/2022,0.39012083159920746,0.39048522952885295,-0.000364397929645488,0,False,
Wells Fargo Bank,06/30/2022,0.3909659748027897,0.3996213008398854,-0.008655326037095679,0,False,
Wells Fargo Bank,09/30/2022,0.3602439364628084,0.36473732334981374,-0.004493386887005346,0,False,
Wells Fargo Bank,12/31/2022,0.3551997181731267,0.3575999414342006,-0.0024002232610739194,0,False,
Wells Fargo Bank,03/31/2023,0.38183908818034884,0.3933682094864816,-0.011529121306132761,0,False,
Wells Fargo Bank,06/30/2023,0.3561758960359555,0.36880760789685496,-0.012631711860899453,0,False,
Wells Fargo Bank,09/30/2023,0.35534360755927563,0.3513383977651396,0.004005209794136044,0,False,
Wells Fargo Bank,12/31/2023,0.36100962022395433,0.3469936896959654,0.01401593052798894,0,False,
Wells Fargo Bank,03/31/2024,0.3779478027001055,0.3787617946498603,-0.0008139919497548442,0,False,
Wells Fargo Bank,06/30/2024,0.35666473800815274,0.3574135338693672,-0.0007487958612144574,0,False,
Wells Fargo Bank,09/30/2024,0.33688023785050725,0.3535173259498799,-0.016637088099372643,0,False,
Wells Fargo Bank,12/31/2024,0.35505652545066985,0.3482701622574889,0.006786363193180933,0,False,
Wells Fargo Bank,03/31/2025,0.3972019105822115,0.3864949077144779,0.010707002867733573,0,False,
Wells Fargo Bank,06/30/2025,0.35370110005185174,0.36579774447774854,-0.012096644425896808,0,False,
Wells Fargo Bank,09/30/2025,0.35121422019262905,0.3400658021596645,0.011148418032964569,0,False,
Morgan Stanley Bank,06/30/2001,0.3656675215796797,0.38270769300927976,-0.01704017142960007,0,False,
Morgan Stanley Bank,09/30/2001,0.5813364025396485,0.42409488953164143,0.15724151300800704,1,True,9/11 Terrorist Attacks - market-wide shock
Morgan Stanley Bank,12/31/2001,0.4428756852931019,0.4322189761656676,0.010656709127434272,0,False,
Morgan Stanley Bank,03/31/2002,0.4979489595392038,0.43270235499669074,0.06524660454251308,1,False,
Morgan Stanley Bank,06/30/2002,0.37622309536837045,0.39102246507431115,-0.014799369705940701,0,False,
Morgan Stanley Bank,09/30/2002,0.3890267744753875,0.3762402565174665,0.012786517957921018,0,False,
Morgan Stanley Bank,12/31/2002,0.4441147880834538,0.38589418997656766,0.05822059810688612,1,False,
Morgan Stanley Bank,03/31/2003,0.41917517879425353,0.40168820157031543,0.017486977223938105,0,False,
Morgan Stanley Bank,06/30/2003,0.3685862292943683,0.3723620566749354,-0.0037758273805670872,0,False,
Morgan Stanley Bank,09/30/2003,0.31584390878672763,0.3623937126836501,-0.04654980389692248,0,False,
Morgan Stanley Bank,12/31/2003,0.39415134755255415,0.40031461911468735,-0.006163271562133199,0,False,
Morgan Stanley Bank,03/31/2004,0.4008484735371937,0.4338009087990703,-0.03295243526187658,0,False,
Morgan Stanley Bank,06/30/2004,0.35250443901535755,0.3689474269710803,-0.016442987955722743,0,False,
Morgan Stanley Bank,09/30/2004,0.3257611405245066,0.35234235316916934,-0.026581212644662733,0,False,
Morgan Stanley Bank,12/31/2004,0.41653934752082,0.4195573565752542,-0.003018009054434223,0,False,
Morgan Stanley Bank,03/31/2005,0.37570430434200625,0.38768006148811823,-0.011975757146111987,0,False,
Morgan Stanley Bank,06/30/2005,0.36905681673824065,0.41849057244892995,-0.04943375571068931,0,False,
Morgan Stanley Bank,09/30/2005,0.35361577526999405,0.36129837679823534,-0.007682601528241295,0,False,
Morgan Stanley Bank,12/31/2005,0.4345746562678234,0.37887094165057844,0.05570371461724494,0,False,
Morgan Stanley Bank,03/31/2006,0.45930457514802875,0.40717013957873427,0.05213443556929448,1,False,
Morgan Stanley Bank,06/30/2006,0.41068731832907723,0.3901196912855895,0.020567627043487746,0,False,
Morgan Stanley Bank,09/30/2006,0.3400479645155091,0.3620375130100091,-0.021989548494499966,0,False,
Morgan Stanley Bank,12/31/2006,0.36347747888878507,0.4073644036920479,-0.04388692480326284,0,False,
Morgan Stanley Bank,03/31/2007,0.43432596840359206,0.39806183500727343,0.03626413339631862,0,False,
Morgan Stanley Bank,06/30/2007,0.3692727611539503,0.3808988107136046,-0.011626049559654295,0,False,
Morgan Stanley Bank,09/30/2007,0.36368651030019394,0.37267352388858865,-0.00898701358839471,0,False,
Morgan Stanley Bank,12/31/2007,0.365796781046792,0.3657521539580205,4.462708877145394e-05,0,False,
Morgan Stanley Bank,03/31/2008,0.38216388569300513,0.4126038416156163,-0.030439955922611173,0,False,
Morgan Stanley Bank,06/30/2008,0.36406058536915237,0.3801065168971359,-0.01604593152798356,0,False,
Morgan Stanley Bank,09/30/2008,0.32249178864158595,0.39486708499771944,-0.07237529635613349,0,False,
Morgan Stanley Bank,12/31/2008,0.46387869784852687,0.4472375555227022,0.016641142325824643,1,False,
Morgan Stanley Bank,03/31/2009,0.3945041066376778,0.449808492739419,-0.055304386101741154,0,False,
Morgan Stanley Bank,06/30/2009,0.35375918495836783,0.4057051045483737,-0.051945919590005885,0,False,
Morgan Stanley Bank,09/30/2009,0.3208888010998444,0.3541913932857692,-0.033302592185924795,0,False,
Morgan Stanley Bank,12/31/2009,0.35354786279819367,0.3677384848902963,-0.014190622092102645,0,False,
Morgan Stanley Bank,03/31/2010,0.3623345951339246,0.43690556410773856,-0.07457096897381399,0,False,
Morgan Stanley Bank,06/30/2010,0.33137012559017986,0.3711118174470786,-0.03974169185689874,0,False,
Morgan Stanley Bank,09/30/2010,0.31821726595433564,0.34926422501685267,-0.031046959062517032,0,False,
Morgan Stanley Bank,12/31/2010,0.3214594664042336,0.3492671988282099,-0.027807732423976272,0,False,
Morgan Stanley Bank,03/31/2011,0.36029114609593477,0.3869729674858602,-0.02668182138992542,0,False,
Morgan Stanley Bank,06/30/2011,0.3865357130015988,0.37247335048870833,0.014062362512890447,0,False,
Morgan Stanley Bank,09/30/2011,0.3889374819105529,0.37795450440127,0.010982977509282899,0,False,
Morgan Stanley Bank,12/31/2011,0.32699208630971793,0.35017893717272935,-0.02318685086301142,0,False,
Morgan Stanley Bank,03/31/2012,0.38193596307068933,0.38193056424741895,5.3988232703860994e-06,0,False,
Morgan Stanley Bank,06/30/2012,0.3469169502068493,0.3614659237305353,-0.014548973523686004,0,False,
Morgan Stanley Bank,09/30/2012,0.31185166309487705,0.3391413713084334,-0.027289708213556363,0,False,
Morgan Stanley Bank,12/31/2012,0.3111999723523728,0.344668001928834,-0.03346802957646122,0,False,
Morgan Stanley Bank,03/31/2013,0.3679140620003642,0.3805564127860912,-0.012642350785727008,0,False,
Morgan Stanley Bank,06/30/2013,0.3660501619178866,0.3666194557134717,-0.000569293795585124,0,False,
Morgan Stanley Bank,09/30/2013,0.3159777829788347,0.3407881953673349,-0.02481041238850018,0,False,
Morgan Stanley Bank,12/31/2013,0.32711986756633016,0.34131217175859146,-0.014192304192261307,0,False,
Morgan Stanley Bank,03/31/2014,0.35696738764873936,0.3714294393852089,-0.014462051736469528,0,False,
Morgan Stanley Bank,06/30/2014,0.33430153469599033,0.3541262744631167,-0.019824739767126343,0,False,
Morgan Stanley Bank,09/30/2014,0.34258818814563424,0.348213919444158,-0.005625731298523784,0,False,
Morgan Stanley Bank,12/31/2014,0.3126754079476366,0.3473631835073581,-0.03468777555972152,0,False,
Morgan Stanley Bank,03/31/2015,0.3509472578527558,0.36352266744519635,-0.012575409592440523,0,False,
Morgan Stanley Bank,06/30/2015,0.33119651778613585,0.3467612659033045,-0.01556474811716868,0,False,
Morgan Stanley Bank,09/30/2015,0.3160940808391442,0.33141161046773543,-0.015317529628591231,0,False,
Morgan Stanley Bank,12/31/2015,0.31107093273201664,0.3341467250860137,-0.023075792353997038,0,False,
Morgan Stanley Bank,03/31/2016,0.3729518835215278,0.36711058306563493,0.005841300455892873,0,False,
Morgan Stanley Bank,06/30/2016,0.37146328104104415,0.36529154649097045,0.006171734550073693,0,False,
Morgan Stanley Bank,09/30/2016,0.33070162741010406,0.3353917287563945,-0.004690101346290443,0,False,
Morgan Stanley Bank,12/31/2016,0.3217806857459501,0.33720297229763524,-0.01542228655168515,0,False,
Morgan Stanley Bank,03/31/2017,0.3692462779462069,0.37027693219565044,-0.0010306542494435411,0,False,
Morgan Stanley Bank,06/30/2017,0.371708702524394,0.36296752014566724,0.00874118237872673,0,False,
Morgan Stanley Bank,09/30/2017,0.3622485385109045,0.34009171719486914,0.022156821316035358,0,False,
Morgan Stanley Bank,12/31/2017,0.31903841103650055,0.34219830198285967,-0.02315989094635912,0,False,
Morgan Stanley Bank,03/31/2018,0.36584091550260606,0.37310730680363385,-0.007266391301027797,0,False,
Morgan Stanley Bank,06/30/2018,0.3447016914228328,0.357145674707341,-0.012443983284508187,0,False,
Morgan Stanley Bank,09/30/2018,0.3224292203350984,0.3387657370079881,-0.01633651667288971,0,False,
Morgan Stanley Bank,12/31/2018,0.31592743305705573,0.3374217976695641,-0.021494364612508365,0,False,
Morgan Stanley Bank,03/31/2019,0.3567733461670199,0.37292513205378014,-0.01615178588676025,0,False,
Morgan Stanley Bank,06/30/2019,0.338425662383435,0.3658997583618741,-0.027474095978439084,0,False,
Morgan Stanley Bank,09/30/2019,0.31122579671011646,0.33621485901802467,-0.024989062307908205,0,False,
Morgan Stanley Bank,12/31/2019,0.31718154849249314,0.34483881220323803,-0.027657263710744895,0,False,
Morgan Stanley Bank,03/31/2020,0.38655351475451055,0.4173249464501456,-0.030771431695635065,0,False,
Morgan Stanley Bank,06/30/2020,0.36252845289470065,0.3889927767878767,-0.026464323893176045,0,False,
Morgan Stanley Bank,09/30/2020,0.3444386850961015,0.35209794935207767,-0.007659264255976184,0,False,
Morgan Stanley Bank,12/31/2020,0.3264735892463239,0.3543529388334757,-0.02787934958715177,0,False,
Morgan Stanley Bank,03/31/2021,0.3986597268109688,0.3980026702017796,0.0006570566091891883,0,False,
Morgan Stanley Bank,06/30/2021,0.3696269504646853,0.36173935755578096,0.00788759290890434,0,False,
Morgan Stanley Bank,09/30/2021,0.31975018286089124,0.3441401995835431,-0.02439001672265184,0,False,
Morgan Stanley Bank,12/31/2021,0.3324287307281307,0.3585990650022584,-0.026170334274127738,0,False,
Morgan Stanley Bank,03/31/2022,0.38197198556745593,0.39048522952885295,-0.008513243961397021,0,False,
Morgan Stanley Bank,06/30/2022,0.401121648576846,0.3996213008398854,0.0015003477369606166,0,False,
Morgan Stanley Bank,09/30/2022,0.39422200153254594,0.36473732334981374,0.029484678182732205,0,False,
Morgan Stanley Bank,12/31/2022,0.3712524885433168,0.3575999414342006,0.013652547109116231,0,False,
Morgan Stanley Bank,03/31/2023,0.38231460771834946,0.3933682094864816,-0.011053601768132137,0,False,
Morgan Stanley Bank,06/30/2023,0.35389521202352736,0.36880760789685496,-0.0149123958733276,0,False,
Morgan Stanley Bank,09/30/2023,0.326696489355447,0.3513383977651396,-0.024641908409692603,0,False,
Morgan Stanley Bank,12/31/2023,0.32786216216620345,0.3469936896959654,-0.019131527529761938,0,False,
Morgan Stanley Bank,03/31/2024,0.363435303313295,0.3787617946498603,-0.015326491336565329,0,False,
Morgan Stanley Bank,06/30/2024,0.35964235069735495,0.3574135338693672,0.0022288168279877563,0,False,
Morgan Stanley Bank,09/30/2024,0.34742595808269305,0.3535173259498799,-0.0060913678671868365,0,False,
Morgan Stanley Bank,12/31/2024,0.34254499331916677,0.3482701622574889,-0.005725168938322145,0,False,
Morgan Stanley Bank,03/31/2025,0.40876795594411347,0.3864949077144779,0.02227304822963555,0,False,
Morgan Stanley Bank,06/30/2025,0.36595583205081317,0.36579774447774854,0.00015808757306462473,0,False,
Morgan Stanley Bank,09/30/2025,0.3150029785980867,0.3400658021596645,-0.025062823561577796,0,False,
Goldman Sachs Bank USA,03/31/2009,0.5737231855495513,0.449808492739419,0.12391469281013229,1,False,
Goldman Sachs Bank USA,06/30/2009,0.419854108047922,0.4057051045483737,0.014149003499548285,0,False,
Goldman Sachs Bank USA,09/30/2009,0.3445910733563259,0.3541913932857692,-0.009600319929443324,0,False,
Goldman Sachs Bank USA,12/31/2009,0.3441247473125538,0.3677384848902963,-0.02361373757774249,0,False,
Goldman Sachs Bank USA,03/31/2010,0.3754504839980552,0.43690556410773856,-0.06145508010968337,0,False,
Goldman Sachs Bank USA,06/30/2010,0.39447947825919866,0.3711118174470786,0.02336766081212005,0,False,
Goldman Sachs Bank USA,09/30/2010,0.34861428993515947,0.34926422501685267,-0.0006499350816931981,0,False,
Goldman Sachs Bank USA,12/31/2010,0.35477315689344735,0.3492671988282099,0.0055059580652374596,0,False,
Goldman Sachs Bank USA,03/31/2011,0.3682107861387928,0.3869729674858602,-0.018762181347067364,0,False,
Goldman Sachs Bank USA,06/30/2011,0.35234424525775626,0.37247335048870833,-0.02012910523095207,0,False,
Goldman Sachs Bank USA,09/30/2011,0.3692861299422649,0.37795450440127,-0.00866837445900509,0,False,
Goldman Sachs Bank USA,12/31/2011,0.3400946487107658,0.35017893717272935,-0.010084288461963575,0,False,
Goldman Sachs Bank USA,03/31/2012,0.3806179693475782,0.38193056424741895,-0.0013125948998407577,0,False,
Goldman Sachs Bank USA,06/30/2012,0.3844540559508596,0.3614659237305353,0.022988132220324253,0,False,
Goldman Sachs Bank USA,09/30/2012,0.34501524834147873,0.3391413713084334,0.005873877033045316,0,False,
Goldman Sachs Bank USA,12/31/2012,0.34040643784907654,0.344668001928834,-0.004261564079757474,0,False,
Goldman Sachs Bank USA,03/31/2013,0.364196575543463,0.3805564127860912,-0.016359837242628184,0,False,
Goldman Sachs Bank USA,06/30/2013,0.35223854308650043,0.3666194557134717,-0.014380912626971276,0,False,
Goldman Sachs Bank USA,09/30/2013,0.3486307260382204,0.3407881953673349,0.007842530670885473,0,False,
Goldman Sachs Bank USA,12/31/2013,0.32024039978901475,0.34131217175859146,-0.021071771969576714,0,False,
Goldman Sachs Bank USA,03/31/2014,0.3701469396842434,0.3714294393852089,-0.0012824997009655004,0,False,
Goldman Sachs Bank USA,06/30/2014,0.36234393037462503,0.3541262744631167,0.00821765591150836,0,False,
Goldman Sachs Bank USA,09/30/2014,0.3368675584543102,0.348213919444158,-0.011346360989847815,0,False,
Goldman Sachs Bank USA,12/31/2014,0.31803441958522205,0.3473631835073581,-0.02932876392213607,0,False,
Goldman Sachs Bank USA,03/31/2015,0.3674238171971131,0.36352266744519635,0.0039011497519167437,0,False,
Goldman Sachs Bank USA,06/30/2015,0.352509260718651,0.3467612659033045,0.005747994815346491,0,False,
Goldman Sachs Bank USA,09/30/2015,0.3247833869511424,0.33141161046773543,-0.006628223516593035,0,False,
Goldman Sachs Bank USA,12/31/2015,0.322202973853144,0.3341467250860137,-0.01194375123286967,0,False,
Goldman Sachs Bank USA,03/31/2016,0.3644913886271875,0.36711058306563493,-0.0026191944384474364,0,False,
Goldman Sachs Bank USA,06/30/2016,0.38805789027997095,0.36529154649097045,0.0227663437890005,0,False,
Goldman Sachs Bank USA,09/30/2016,0.33191097461986546,0.3353917287563945,-0.0034807541365290406,0,False,
Goldman Sachs Bank USA,12/31/2016,0.3447845846461269,0.33720297229763524,0.00758161234849164,0,False,
Goldman Sachs Bank USA,03/31/2017,0.3847056045212788,0.37027693219565044,0.014428672325628333,0,False,
Goldman Sachs Bank USA,06/30/2017,0.3951194848852952,0.36296752014566724,0.03215196473962795,0,False,
Goldman Sachs Bank USA,09/30/2017,0.34953528407075235,0.34009171719486914,0.009443566875883214,0,False,
Goldman Sachs Bank USA,12/31/2017,0.3437978463669603,0.34219830198285967,0.0015995443841006485,0,False,
Goldman Sachs Bank USA,03/31/2018,0.3853722655058018,0.37310730680363385,0.012264958702167927,0,False,
Goldman Sachs Bank USA,06/30/2018,0.38905277946183975,0.357145674707341,0.03190710475449876,0,False,
Goldman Sachs Bank USA,09/30/2018,0.35281932122868814,0.3387657370079881,0.014053584220700022,0,False,
Goldman Sachs Bank USA,12/31/2018,0.343155920024158,0.3374217976695641,0.005734122354593918,0,False,
Goldman Sachs Bank USA,03/31/2019,0.393205734811678,0.37292513205378014,0.020280602757897837,0,False,
Goldman Sachs Bank USA,06/30/2019,0.3958065140425084,0.3658997583618741,0.029906755680634278,0,False,
Goldman Sachs Bank USA,09/30/2019,0.36290537108476406,0.33621485901802467,0.02669051206673939,0,False,
Goldman Sachs Bank USA,12/31/2019,0.3820552905487265,0.34483881220323803,0.03721647834548847,0,False,
Goldman Sachs Bank USA,03/31/2020,0.4138858838127219,0.4173249464501456,-0.0034390626374237176,0,False,
Goldman Sachs Bank USA,06/30/2020,0.4370872262359235,0.3889927767878767,0.048094449448046805,1,False,
Goldman Sachs Bank USA,09/30/2020,0.37713749192244256,0.35209794935207767,0.025039542570364892,0,False,
Goldman Sachs Bank USA,12/31/2020,0.356662917137106,0.3543529388334757,0.0023099783036303334,0,False,
Goldman Sachs Bank USA,03/31/2021,0.4208320329962813,0.3980026702017796,0.022829362794501706,0,False,
Goldman Sachs Bank USA,06/30/2021,0.3888375030819139,0.36173935755578096,0.027098145526132933,0,False,
Goldman Sachs Bank USA,09/30/2021,0.39732516382763894,0.3441401995835431,0.053184964244095856,0,False,
Goldman Sachs Bank USA,12/31/2021,0.3995676376948732,0.3585990650022584,0.04096857269261478,0,False,
Goldman Sachs Bank USA,03/31/2022,0.4204986652225709,0.39048522952885295,0.03001343569371795,0,False,
Goldman Sachs Bank USA,06/30/2022,0.46573770571408224,0.3996213008398854,0.06611640487419684,1,False,
Goldman Sachs Bank USA,09/30/2022,0.37247466979197447,0.36473732334981374,0.007737346442160731,0,False,
Goldman Sachs Bank USA,12/31/2022,0.37983688901664736,0.3575999414342006,0.022236947582446764,0,False,
Goldman Sachs Bank USA,03/31/2023,0.42289865636274077,0.3933682094864816,0.029530446876259164,0,False,
Goldman Sachs Bank USA,06/30/2023,0.39696777757458424,0.36880760789685496,0.028160169677729274,0,False,
Goldman Sachs Bank USA,09/30/2023,0.38523287307846554,0.3513383977651396,0.033894475313325956,0,False,
Goldman Sachs Bank USA,12/31/2023,0.36549146619882156,0.3469936896959654,0.018497776502856167,0,False,
Goldman Sachs Bank USA,03/31/2024,0.42335526660777145,0.3787617946498603,0.044593471957911135,0,False,
Goldman Sachs Bank USA,06/30/2024,0.38123825608484774,0.3574135338693672,0.023824722215480543,0,False,
Goldman Sachs Bank USA,09/30/2024,0.39206609988788504,0.3535173259498799,0.038548773938005154,0,False,
Goldman Sachs Bank USA,12/31/2024,0.3706613167609842,0.3482701622574889,0.02239115450349527,0,False,
Goldman Sachs Bank USA,03/31/2025,0.40136319563917927,0.3864949077144779,0.014868287924701351,0,False,
Goldman Sachs Bank USA,06/30/2025,0.4260036400218023,0.36579774447774854,0.060205895544053756,1,False,
Goldman Sachs Bank USA,09/30/2025,0.35944833542064986,0.3400658021596645,0.01938253326098538,0,False,
